{'sampling_frequency': 9760, 'signal_level': 100, 'signal_level_units': 'mVrms', 'signal_frequency': 205, 'signal_frequency_units': 'Hz'}
Time (s),Voltage (mV)
0.0,1378.840148448944
0.00010245901639344262,1195.7604646682737
0.00020491803278688525,1011.958122253418
0.00030737704918032784,830.250585079193
0.0004098360655737705,654.0796279907227
0.0005122950819672131,486.60142421722406
0.0006147540983606557,330.5382370948791
0.0007172131147540983,188.58007192611691
0.000819672131147541,67.39765405654907
0.0009221311475409836,7.02359676361084
0.0010245901639344263,1.0125875473022459
0.001127049180327869,0.7356405258178711
0.0012295081967213114,0.47836303710937494
0.001331967213114754,0.3158926963806152
0.0014344262295081967,0.3725409507751465
0.0015368852459016393,0.5967736244201659
0.001639344262295082,0.8623123168945311
0.0017418032786885246,1.745474338531494
0.0018442622950819673,34.322941303253174
0.00194672131147541,142.59663820266724
0.0020491803278688526,279.32978868484497
0.002151639344262295,430.8485269546509
0.002254098360655738,594.6914076805115
0.0023565573770491805,768.1613445281981
0.0024590163934426227,948.3976006507872
0.0025614754098360654,1131.7986845970154
0.002663934426229508,1315.386629104614
0.0027663934426229507,1496.07253074646
0.0028688524590163933,1670.5176830291748
0.002971311475409836,1835.832631587982
0.0030737704918032786,1989.083468914032
0.0031762295081967213,2128.02118062973
0.003278688524590164,2249.558436870575
0.0033811475409836066,2351.917505264282
0.0034836065573770492,2433.2297801971436
0.003586065573770492,2492.376065254211
0.0036885245901639345,2528.2706022262573
0.003790983606557377,2540.274918079376
0.00389344262295082,2527.928352355957
0.003995901639344262,2491.782438755035
0.004098360655737705,2432.3466181755066
0.004200819672131147,2350.807750225067
0.00430327868852459,2248.241364955902
0.004405737704918033,2126.346123218536
0.004508196721311476,1987.2416138648985
0.004610655737704918,1833.7216973304749
0.004713114754098361,1668.2552933692932
0.004815573770491803,1493.726348876953
0.0049180327868852455,1312.981045246124
0.0050204918032786885,1129.2687892913818
0.005122950819672131,945.8409547805786
0.005225409836065574,765.7447457313538
0.005327868852459016,592.4250841140747
0.005430327868852459,428.7423133850097
0.005532786885245901,277.4033546447754
0.0056352459016393444,141.16194248199463
0.005737704918032787,35.906338691711426
0.00584016393442623,2.324151992797851
0.005942622950819672,0.9032249450683593
0.006045081967213115,0.6278514862060546
0.006147540983606557,0.385129451751709
0.00625,0.29386281967163086
0.0063524590163934426,0.43823719024658203
0.006454918032786886,0.6951212882995604
0.006557377049180328,0.9582996368408202
0.00665983606557377,5.758845806121826
0.006762295081967213,66.95194244384766
0.006864754098360655,190.57495594024655
0.0069672131147540985,332.86986351013184
0.007069672131147541,489.15807008743286
0.007172131147540984,656.7649126052855
0.007274590163934426,833.0117940902709
0.007377049180327869,1014.7661447525024
0.007479508196721311,1198.5625863075256
0.007581967213114754,1381.5462827682495
0.007684426229508197,1560.1841926574707
0.00778688524590164,1731.6832423210142
0.007889344262295083,1892.9096817970274
0.007991803278688524,2041.2112712860107
0.008094262295081967,2174.2339611053467
0.00819672131147541,2289.1063928604126
0.008299180327868852,2383.8136196136475
0.008401639344262295,2457.1884512901306
0.008504098360655738,2507.9991817474365
0.00860655737704918,2535.3925466537476
0.008709016393442622,2538.710010051727
0.008811475409836065,2517.5821781158447
0.008913934426229508,2472.8280901908875
0.009016393442622951,2405.0795316696167
0.009118852459016393,2315.771985054016
0.009221311475409836,2205.97665309906
0.009323770491803279,2077.5562405586243
0.009426229508196722,1932.9068899154663
0.009528688524590163,1774.8389840126038
0.009631147540983606,1605.6487441062925
0.00973360655737705,1428.5194873809814
0.009836065573770491,1246.2202906608582
0.009938524590163934,1062.2983574867249
0.010040983606557377,879.6813011169434
0.01014344262295082,701.7097949981688
0.010245901639344262,531.6450476646422
0.010348360655737705,372.14205265045166
0.010450819672131148,225.99231004714966
0.01055327868852459,97.0872402191162
0.010655737704918032,15.477168560028076
0.010758196721311475,1.1774182319641113
0.010860655737704918,0.8103847503662109
0.010963114754098361,0.5369782447814941
0.011065573770491803,0.3253340721130371
0.011168032786885246,0.33202171325683594
0.011270491803278689,0.523996353149414
0.011372950819672132,0.7816672325134276
0.011475409836065573,1.0712027549743652
0.011577868852459016,17.684876918792725
0.01168032786885246,108.36378335952757
0.0117827868852459,240.46200513839722
0.011885245901639344,388.1333827972412
0.011987704918032787,548.8208770751953
0.01209016393442623,719.917094707489
0.012192622950819671,898.5066175460815
0.012295081967213115,1081.3530206680298
0.012397540983606558,1265.2009963989258
0.0125,1447.0359921455383
0.012602459016393442,1623.4115123748777
0.012704918032786885,1791.5431380271912
0.012807377049180328,1948.3073472976685
0.012909836065573771,2091.3528442382812
0.013012295081967213,2217.9396629333496
0.013114754098360656,2325.6803154945374
0.013217213114754099,2412.965440750122
0.01331967213114754,2478.3591628074646
0.013422131147540983,2520.7485795021057
0.013524590163934426,2539.307177066803
0.01362704918032787,2533.412218093872
0.01372950819672131,2503.4779429435725
0.013831967213114754,2450.462257862091
0.013934426229508197,2374.878931045532
0.01403688524590164,2278.0643105506897
0.014139344262295081,2161.3220930099487
0.014241803278688524,2026.6302466392517
0.014344262295081968,1876.8259048461912
0.01444672131147541,1714.2993092536924
0.014549180327868852,1541.8635964393613
0.014651639344262295,1362.5714778900146
0.014754098360655738,1179.311227798462
0.01485655737704918,995.5710411071776
0.014959016393442623,814.2765641212462
0.015061475409836066,638.8097763061523
0.015163934426229509,472.16870784759516
0.01526639344262295,317.1586275100708
0.015368852459016393,176.41210556030273
0.015471311475409836,58.546364307403564
0.01557377049180328,5.288350582122802
0.01567622950819672,0.9933114051818848
0.015778688524590165,0.7140040397644043
0.015881147540983607,0.435483455657959
0.015983606557377048,0.29386281967163086
0.016086065573770493,0.3603458404541015
0.016188524590163934,0.6085753440856932
0.016290983606557376,0.8749008178710938
0.01639344262295082,2.273404598236084
0.016495901639344262,41.24819040298461
0.016598360655737703,154.0765643119812
0.016700819672131148,292.24873781204224
0.01680327868852459,444.96023654937744
0.016905737704918034,609.785807132721
0.017008196721311476,783.9406371116637
0.017110655737704917,964.5537614822387
0.01721311475409836,1148.0929255485535
0.017315573770491803,1331.6128134727476
0.017418032786885244,1511.8651986122131
0.01752049180327869,1685.5589747428894
0.01762295081967213,1849.9431610107422
0.017725409836065575,2001.994550228119
0.017827868852459017,2139.3736481666565
0.017930327868852458,2259.2822670936584
0.018032786885245903,2359.882092475891
0.018135245901639344,2439.2203330993652
0.018237704918032786,2496.423661708832
0.01834016393442623,2530.0884604454036
0.018442622950819672,2539.941322803497
0.018545081967213113,2525.666356086731
0.018647540983606558,2487.4291777610774
0.01875,2425.93435049057
0.018852459016393444,2342.370700836181
0.018954918032786885,2237.9471182823177
0.019057377049180327,2114.458644390106
0.01915983606557377,1974.0764021873474
0.019262295081967213,1819.3841814994812
0.019364754098360654,1652.7686834335327
0.0194672131147541,1477.5434374809265
0.01956967213114754,1296.3748455047605
0.019672131147540982,1112.632691860199
0.019774590163934427,929.4558405876159
0.019877049180327868,749.8942494392394
0.019979508196721313,577.2728562355042
0.020081967213114754,414.5967721939087
0.020184426229508196,264.56741094589233
0.02028688524590164,129.87635135650635
0.02038934426229508,29.785573482513428
0.020491803278688523,1.8394947052001953
0.020594262295081968,0.8898496627807616
0.02069672131147541,0.5979537963867188
0.020799180327868854,0.37529468536376953
0.020901639344262295,0.30645132064819336
0.021004098360655737,0.4665613174438476
0.02110655737704918,0.7214784622192383
0.021209016393442623,0.9708881378173828
0.021311475409836064,7.730519771575927
0.02141393442622951,76.49677991867065
0.02151639344262295,202.6496887207031
0.021618852459016392,346.25025987625116
0.021721311475409837,503.6918878555298
0.021823770491803278,672.1889734268188
0.021926229508196723,849.0420699119568
0.022028688524590164,1031.1429977416992
0.022131147540983605,1214.9866461753845
0.02223360655737705,1397.7417826652525
0.02233606557377049,1575.8741855621336
0.022438524590163933,1746.6474294662476
0.022540983606557378,1906.9541215896606
0.02264344262295082,2054.0794730186462
0.022745901639344264,2185.396420955658
0.022848360655737705,2298.4407663345332
0.022950819672131147,2391.3875699043274
0.02305327868852459,2462.8867149353027
0.023155737704918033,2511.531436443329
0.023258196721311474,2536.797738075256
0.02336065573770492,2537.6891613006587
0.02346311475409836,2514.3276572227473
0.0235655737704918,2467.4819111824036
0.023668032786885247,2397.970175743103
0.023770491803278688,2306.717312335968
0.023872950819672133,2195.309865474701
0.023975409836065574,2065.255308151245
0.024077868852459015,1919.2747235298154
0.02418032786885246,1760.0667715072632
0.0242827868852459,1590.047264099121
0.024385245901639343,1412.3373627662659
0.024487704918032788,1229.7769546508787
0.02459016393442623,1045.914030075073
0.02469262295081967,863.582968711853
0.024795081967213115,686.2184643745421
0.024897540983606557,516.9255495071411
0.025,358.4555983543396
0.025102459016393443,213.60561847686765
0.025204918032786884,86.87796592712402
0.02530737704918033,12.135708332061768
0.02540983606557377,1.1073946952819824
0.02551229508196721,0.7930755615234374
0.025614754098360656,0.5200624465942382
0.025717213114754098,0.3276944160461425
0.025819672131147543,0.35444498062133784
0.025922131147540984,0.5546808242797852
0.026024590163934425,0.8107781410217284
0.02612704918032787,1.1959075927734375
0.02622950819672131,22.319412231445312
0.026331967213114753,119.31105852127075
0.026434426229508198,253.09889316558838
0.02653688524590164,401.99214220046997
0.02663934426229508,563.8346314430237
0.026741803278688525,735.6971740722655
0.026844262295081966,914.8327231407166
0.02694672131147541,1097.905719280243
0.027049180327868853,1281.733238697052
0.027151639344262294,1463.2362127304077
0.02725409836065574,1639.0066981315613
0.02735655737704918,1806.2948942184446
0.02745901639344262,1961.8450999259949
0.027561475409836066,2103.530251979828
0.027663934426229508,2228.479778766632
0.027766393442622953,2334.5603227615356
0.027868852459016394,2419.8403358459473
0.027971311475409835,2483.044838905334
0.02807377049180328,2523.2989311218257
0.02817622950819672,2539.7021412849426
0.028278688524590163,2531.8783879280086
0.028381147540983608,2500.0810146331783
0.02848360655737705,2444.918203353882
0.02858606557377049,2367.1409368515015
0.028688524590163935,2268.253540992737
0.028790983606557376,2149.735951423645
0.02889344262295082,2013.6963486671448
0.028995901639344263,1862.797200679779
0.029098360655737704,1699.3146657943726
0.02920081967213115,1526.1370182037354
0.02930327868852459,1346.3508009910583
0.02940573770491803,1162.906837463379
0.029508196721311476,979.2323470115662
0.029610655737704918,798.2848405838013
0.02971311475409836,623.4561324119568
0.029815573770491804,457.81899690628046
0.029918032786885245,304.1090726852417
0.03002049180327869,164.90621566772458
0.03012295081967213,50.50978660583496
0.030225409836065573,3.997635841369629
0.030327868852459017,0.9579062461853027
0.03043032786885246,0.6628632545471191
0.0305327868852459,0.4185676574707031
0.030635245901639345,0.2954363822937011
0.030737704918032786,0.4118800163269043
0.03084016393442623,0.6487011909484863
0.030942622950819672,0.8945703506469727
0.031045081967213114,3.0475974082946777
0.03114754098360656,48.917734622955315
0.03125,165.88890552520752
0.03135245901639344,305.49341440200806
0.03145491803278688,459.3870520591736
0.03155737704918033,625.0788688659668
0.03165983606557377,799.979567527771
0.031762295081967214,981.0179471969604
0.031864754098360655,1164.7026658058167
0.031967213114754096,1348.1127977371214
0.03206967213114754,1527.8498411178587
0.032172131147540986,1700.8606910705566
0.03227459016393443,1864.2440915107725
0.03237704918032787,2015.114915370941
0.03247950819672131,2151.0483026504517
0.03258196721311475,2269.3145155906677
0.0326844262295082,2367.915916442871
0.03278688524590164,2445.3249692916866
0.03288934426229508,2500.3622889518733
0.032991803278688524,2532.1514010429382
0.033094262295081965,2539.8429751396175
0.033196721311475406,2523.0164766311646
0.033299180327868855,2482.5176954269405
0.033401639344262296,2418.984317779541
0.03350409836065574,2333.6862087249756
0.03360655737704918,2227.596616744995
0.03370901639344262,2102.499568462372
0.03381147540983607,1960.6232285499573
0.03391393442622951,1804.8295140266416
0.03401639344262295,1637.3454093933103
0.03411885245901639,1461.4545464515684
0.034221311475409834,1279.9039721488953
0.03432377049180328,1096.0060358047485
0.03442622950819672,912.9161238670349
0.034528688524590165,733.8816761970519
0.034631147540983606,562.0690941810608
0.03473360655737705,400.34147500991816
0.03483606557377049,251.59260034561154
0.03493852459016394,118.7190055847168
0.03504098360655738,24.344980716705322
0.03514344262295082,1.514160633087158
0.03524590163934426,0.8524775505065917
0.0353483606557377,0.5814313888549805
0.03545081967213115,0.35444498062133784
0.03555327868852459,0.31353235244750977
0.035655737704918034,0.4913449287414551
0.035758196721311475,0.7517695426940917
0.035860655737704916,1.0078668594360352
0.03596311475409836,10.331225395202635
0.036065573770491806,86.6159677505493
0.03616803278688525,215.00884294509888
0.03627049180327869,359.88478660583496
0.03637295081967213,518.49045753479
0.03647540983606557,687.9450559616088
0.03657786885245902,865.3929591178894
0.03668032786885246,1047.75116443634
0.0367827868852459,1231.6876530647278
0.036885245901639344,1414.1862988471985
0.036987704918032785,1591.7943120002747
0.037090163934426226,1761.7485165596008
0.037192622950819675,1920.7491517066956
0.037295081967213116,2066.4252519607544
0.03739754098360656,2196.2976694107056
0.0375,2307.66499042511
0.03760245901639344,2398.8627791404724
0.03770491803278689,2468.252170085907
0.03780737704918033,2514.820182323456
0.03790983606557377,2537.775313854217
0.03801229508196721,2536.3980531692505
0.038114754098360654,2510.929548740387
0.038217213114754095,2462.2580766677856
0.03831967213114754,2390.6747460365295
0.038422131147540985,2297.4380135536194
0.038524590163934426,2184.183990955353
0.03862704918032787,2052.6475310325623
0.03872950819672131,1905.4993629455566
0.03883196721311476,1745.2119469642637
0.0389344262295082,1574.3702530860899
0.03903688524590164,1396.0502028465269
0.03913934426229508,1213.1912112236023
0.03924180327868852,1029.3806076049805
0.039344262295081964,847.3312139511107
0.03944672131147541,670.5300450325011
0.03954918032786885,502.0762324333191
0.039651639344262295,344.72272396087646
0.039754098360655736,201.27282142639157
0.03985655737704918,77.1718382835388
0.039959016393442626,9.374499320983887
0.04006147540983607,1.047992706298828
0.04016393442622951,0.7584571838378906
0.04026639344262295,0.4748225212097168
0.04036885245901639,0.2930760383605957
0.04047131147540984,0.36742687225341797
0.04057377049180328,0.5822181701660156
0.04067622950819672,0.8308410644531249
0.04077868852459016,1.3874888420104978
0.040881147540983605,27.8469443321228
0.040983606557377046,130.75439929962158
0.041086065573770494,266.0060405731201
0.041188524590163936,416.1687612533569
0.04129098360655738,578.9298176765442
0.04139344262295082,751.5146255493164
0.04149590163934426,931.1387658119202
0.04159836065573771,1114.4662857055662
0.04170081967213115,1298.161232471466
0.04180327868852459,1479.235804080963
0.04190573770491803,1654.3595552444456
0.042008196721311473,1820.710301399231
0.042110655737704915,1975.208580493927
0.04221311475409836,2115.5420422554016
0.042315573770491804,2238.8861417770386
0.042418032786885246,2342.963933944702
0.04252049180327869,2426.35999917984
0.04262295081967213,2487.562143802643
0.04272540983606558,2525.793027877807
0.04282786885245902,2540.165555477142
0.04293032786885246,2529.9448728561397
0.0430327868852459,2495.8402633666988
0.04313524590163934,2438.6058568954463
0.043237704918032784,2359.1574668884277
0.04334016393442623,2258.4498524665833
0.04344262295081967,2138.296937942505
0.043545081967213115,2000.7160305976868
0.043647540983606556,1848.5367894172668
0.04375,1684.0377330780027
0.043852459016393446,1510.2314472198486
0.04395491803278689,1329.9145460128782
0.04405737704918033,1146.3053584098814
0.04415983606557377,962.7292156219482
0.04426229508196721,782.2278141975403
0.04436475409836065,608.1347465515137
0.0444672131147541,443.38628053665155
0.04456967213114754,290.79240560531616
0.04467213114754098,153.01244258880615
0.044774590163934425,42.88902282714843
0.044877049180327866,3.0330419540405273
0.044979508196721314,0.9362697601318359
0.045081967213114756,0.6671905517578124
0.0451844262295082,0.4122734069824218
0.04528688524590164,0.294649600982666
0.04538934426229508,0.42879581451416016
0.04549180327868853,0.6667971611022949
0.04559426229508197,0.9252548217773436
0.04569672131147541,4.1695475578308105
0.04579918032786885,57.47201442718505
0.04590163934426229,177.94160842895508
0.046004098360655735,318.8533544540405
0.04610655737704918,473.9291310310363
0.046209016393442624,640.6174063682556
0.046311475409836066,816.1872625350952
0.04641393442622951,997.5301265716552
0.04651639344262295,1181.2482833862302
0.0466188524590164,1364.4813895225525
0.04672131147540984,1543.7003374099731
0.04682377049180328,1716.0392761230466
0.04692622950819672,1878.3164620399475
0.04702868852459016,2027.9555797576902
0.0471311475409836,2162.4861359596252
0.04723360655737705,2279.055655002594
0.04733606557377049,2375.9316444396973
0.047438524590163934,2451.2643814086914
0.047540983606557376,2504.15575504303
0.04764344262295082,2533.646285533905
0.047745901639344265,2539.0978932380676
0.04784836065573771,2520.136857032776
0.04795081967213115,2477.5814294815063
0.04805327868852459,2412.149155139923
0.04815573770491803,2324.875831604004
0.04825819672131147,2216.8959975242615
0.04836065573770492,2090.167558193207
0.04846311475409836,1946.9167113304138
0.0485655737704918,1790.051007270813
0.048668032786885244,1621.8218207359314
0.048770491803278686,1445.3015327453613
0.048872950819672134,1263.3135080337522
0.048975409836065575,1079.438781738281
0.04907786885245902,896.6112613677977
0.04918032786885246,718.048095703125
0.0492827868852459,547.0289826393127
0.04938524590163934,386.42016649246216
0.04948770491803279,238.8062238693237
0.04959016393442623,107.84175395965576
0.04969262295081967,19.61878538131714
0.04979508196721311,1.304483413696289
0.049897540983606554,0.8166790008544921
0.05,0.5409121513366699
0.050102459016393444,0.3335952758789062
0.050204918032786885,0.3202199935913086
0.05030737704918033,0.5180954933166503
0.05040983606557377,0.7643580436706543
0.050512295081967216,1.011800765991211
0.05061475409836066,13.538932800292967
0.0507172131147541,97.0762252807617
0.05081967213114754,227.4238586425781
0.05092213114754098,373.74393939971924
0.05102459016393442,533.2528352737427
0.05112704918032787,703.4509420394896
0.05122950819672131,881.5078139305115
0.051331967213114754,1064.1685366630554
0.051434426229508196,1248.0416893959045
0.05153688524590164,1430.2319169044492
0.051639344262295085,1607.2313547134397
0.051741803278688527,1776.3397693634033
0.05184426229508197,1934.2971324920652
0.05194672131147541,2078.7899136543274
0.05204918032786885,2207.096242904663
0.05215163934426229,2316.6299700737
0.05225409836065574,2405.7966828346252
0.05235655737704918,2473.314321041107
0.05245901639344262,2517.927575111389
0.052561475409836064,2538.903558254242
0.052663934426229506,2535.4023814201355
0.052766393442622954,2507.652997970581
0.052868852459016395,2456.689238548279
0.05297131147540984,2383.1440687179565
0.05307377049180328,2288.2000207901
0.05317622950819672,2173.277628421783
0.05327868852459016,2040.2781486511228
0.05338114754098361,1891.7118072509763
0.05348360655737705,1730.3826928138733
0.05358606557377049,1558.6778998374937
0.05368852459016393,1379.9089908599854
0.053790983606557374,1196.8218326568604
0.05389344262295082,1013.0069017410277
0.053995901639344264,831.3272953033447
0.054098360655737705,655.1229000091552
0.05420081967213115,487.6006364822387
0.05430327868852459,331.4988970756531
0.05440573770491803,189.5411252975464
0.05450819672131148,68.1368350982666
0.05461065573770492,7.145154476165771
0.05471311475409836,1.0066866874694822
0.0548155737704918,0.7285594940185546
0.05491803278688524,0.45869350433349604
0.05502049180327869,0.29386281967163086
0.05512295081967213,0.3768682479858398
0.055225409836065574,0.619196891784668
0.055327868852459015,0.8556246757507324
0.05543032786885246,1.7442941665649412
0.055532786885245905,34.205710887908936
0.055635245901639346,142.21386909484863
0.05573770491803279,278.85929346084595
0.05584016393442623,430.32649755477905
0.05594262295081967,594.22287940979
0.05604508196721311,767.5633907318114
0.05614754098360656,947.606098651886
0.05625,1131.0992360115051
0.05635245901639344,1314.6844267845152
0.056454918032786884,1495.3160405158997
0.056557377049180325,1669.829249382019
0.056659836065573774,1835.216975212097
0.056762295081967215,1988.478434085846
0.056864754098360656,2127.2835731506348
0.0569672131147541,2248.951828479767
0.05706967213114754,2351.3817071914673
0.05717213114754098,2432.913100719452
0.05727459016393443,2492.0432567596436
0.05737704918032787,2528.1466841697693
0.05747950819672131,2540.2855396270747
0.05758196721311475,2528.0231595039363
0.057684426229508194,2491.840660572052
0.05778688524590164,2432.569277286529
0.057889344262295084,2351.073682308197
0.057991803278688525,2248.5714197158813
0.058094262295081966,2126.721811294555
0.05819672131147541,1987.6503467559814
0.05829918032786885,1834.2673301696777
0.0584016393442623,1668.8135147094724
0.05850409836065574,1494.2845702171326
0.05860655737704918,1313.5321855545044
0.05870901639344262,1129.8274040222168
0.05881147540983606,946.4255332946777
0.05891393442622951,766.3737773895263
0.05901639344262295,592.9121017456055
0.059118852459016394,429.15183305740356
0.059221311475409835,277.81680822372437
0.05932377049180328,141.5761828422546
0.05942622950819672,36.2057089805603
0.059528688524590166,2.344214916229248
0.05963114754098361,0.9091258049011229
0.05973360655737705,0.6274580955505371
0.05983606557377049,0.37529468536376953
0.05993852459016393,0.2840280532836914
0.06004098360655738,0.42682886123657227
0.06014344262295082,0.690007209777832
0.06024590163934426,0.9405970573425292
0.060348360655737704,5.632174015045166
0.060450819672131145,66.32291078567505
0.060553278688524594,189.82239961624146
0.060655737704918035,332.12006092071533
0.060758196721311476,488.37679624557495
0.06086065573770492,655.9675097465515
0.06096311475409836,832.1427941322326
0.0610655737704918,1013.8452172279358
0.06116803278688525,1197.629463672638
0.06127049180327869,1380.646204948425
0.06137295081967213,1559.3207001686096
0.06147540983606557,1730.8040142059324
0.061577868852459014,1892.0650720596313
0.06168032786885246,2040.556275844574
0.061782786885245904,2173.57896566391
0.061885245901639345,2288.5458111763
0.061987704918032786,2383.4733366966248
0.06209016393442623,2456.8698048591614
0.06219262295081967,2507.6537847518916
0.06229508196721312,2535.0794076919556
0.06239754098360656,2538.525903224945
0.0625,2517.508220672607
0.06260245901639344,2472.8166818618774
0.06270491803278688,2405.288028717041
0.06280737704918032,2315.845549106598
0.06290983606557377,2206.12496137619
0.0630122950819672,2077.832794189453
0.06311475409836066,1933.3105087280273
0.0632172131147541,1775.2150654792783
0.06331967213114754,1606.1247467994688
0.06342213114754099,1429.046630859375
0.06352459016393443,1246.7907071113586
0.06362704918032787,1062.9026055335996
0.06372950819672131,880.2757143974303
0.06383196721311475,702.2802114486693
0.06393442622950819,532.1230173110961
0.06403688524590163,372.6463794708252
0.06413934426229508,226.369571685791
0.06424180327868853,97.21273183822632
0.06434426229508197,15.522408485412598
0.06444672131147541,1.1801719665527344
0.06454918032786885,0.8162856101989746
0.0646516393442623,0.5334377288818359
0.06475409836065574,0.32179355621337885
0.06485655737704918,0.31982660293579096
0.06495901639344262,0.5236029624938965
0.06506147540983606,0.790715217590332
0.0651639344262295,1.0857582092285156
0.06526639344262294,17.421305179595947
0.0653688524590164,107.72963762283325
0.06547131147540984,239.78773355484006
0.06557377049180328,387.2997879981994
0.06567622950819672,547.9538440704346
0.06577868852459016,719.0032482147216
0.0658811475409836,897.6218819618225
0.06598360655737705,1080.4419279098508
0.06608606557377049,1264.3178343772888
0.06618852459016393,1446.206724643707
0.06629098360655737,1622.6577758789062
0.06639344262295081,1790.8960103988647
0.06649590163934427,1947.7117538452146
0.06659836065573771,2090.7049298286433
0.06670081967213115,2217.2716856002808
0.06680327868852459,2325.1189470291138
0.06690573770491803,2412.551593780517
0.06700819672131147,2478.0393362045284
0.06711065573770492,2520.464158058166
0.06721311475409836,2539.23636674881
0.0673155737704918,2533.7139487266536
0.06741803278688524,2503.9696812629695
0.06752049180327868,2450.928032398224
0.06762295081967214,2375.3297567367554
0.06772540983606558,2278.4120678901672
0.06782786885245902,2161.688339710235
0.06793032786885246,2027.149522304535
0.0680327868852459,1877.4993896484373
0.06813524590163934,1715.183651447296
0.06823770491803278,1542.8533673286438
0.06834016393442623,1363.5687232017517
0.06844262295081967,1180.2628397941587
0.06854508196721311,996.5187191963195
0.06864754098360656,815.2002453804016
0.06875,639.6779894828795
0.06885245901639345,473.01331758499146
0.06895491803278689,317.94698238372797
0.06905737704918033,177.37473249435422
0.06915983606557377,59.298920631408684
0.06926229508196721,5.420529842376709
0.06936475409836065,0.989377498626709
0.0694672131147541,0.6990551948547362
0.06956967213114754,0.43823719024658203
0.06967213114754098,0.2934694290161132
0.06977459016393443,0.39103031158447266
0.06987704918032787,0.6097555160522461
0.06997950819672132,0.8670330047607422
0.07008196721311476,2.2616028785705566
0.0701844262295082,41.143941879272454
0.07028688524590164,153.83226871490476
0.07038934426229508,291.94936752319336
0.07049180327868852,444.6946978569031
0.07059426229508196,609.418773651123
0.0706967213114754,783.5322976112366
0.07079918032786885,964.0152096748351
0.0709016393442623,1147.546899318695
0.07100409836065574,1331.0872435569763
0.07110655737704918,1511.3266468048093
0.07120901639344263,1685.1282119750977
0.07131147540983607,1849.5210528373718
0.07141393442622951,2001.7274379730225
0.07151639344262295,2139.2532706260677
0.07161885245901639,2259.33301448822
0.07172131147540983,2359.905695915222
0.07182377049180327,2439.3210411071777
0.07192622950819672,2496.365046501159
0.07202868852459017,2530.4464459419246
0.07213114754098361,2540.3646111488342
0.07223360655737705,2525.940942764282
0.0723360655737705,2487.6085638999934
0.07243852459016394,2426.258111000061
0.07254098360655738,2342.769205570221
0.07264344262295082,2238.473868370056
0.07274590163934426,2115.067219734192
0.0728483606557377,1974.7345447540283
0.07295081967213114,1820.0899243354795
0.07305327868852458,1653.6105394363403
0.07315573770491804,1478.423452377319
0.07325819672131148,1297.3044276237486
0.07336065573770492,1113.4918570518494
0.07346311475409836,930.2095770835876
0.0735655737704918,750.5995988845825
0.07366803278688525,577.9605031013489
0.07377049180327869,415.25098085403437
0.07387295081967213,265.1059627532959
0.07397540983606557,130.47430515289307
0.07407786885245901,30.116808414459225
0.07418032786885245,1.854443550109863
0.07428278688524591,0.8859157562255858
0.07438524590163935,0.589299201965332
0.07448770491803279,0.35877227783203125
0.07459016393442623,0.30645132064819336
0.07469262295081967,0.4657745361328125
0.07479508196721311,0.7218718528747559
0.07489754098360656,0.9803295135498047
0.075,7.662856578826904
0.07510245901639344,76.23792886734009
0.07520491803278688,202.29288339614868
0.07530737704918032,345.85804939270014
0.07540983606557378,503.2103776931762
0.07551229508196722,671.6354727745055
0.07561475409836066,848.4574913978577
0.0757172131147541,1030.5312752723694
0.07581967213114754,1214.369022846222
0.07592213114754098,1397.1945762634277
0.07602459016393442,1575.3836274147034
0.07612704918032787,1746.1785078048706
0.07622950819672131,1906.423044204712
0.07633196721311475,2053.5421013832092
0.07643442622950819,2184.970772266388
0.07653688524590165,2298.141396045685
0.07663934426229509,2391.201889514923
0.07674180327868853,2462.699854373932
0.07684426229508197,2511.4279747009273
0.07694672131147541,2536.6655588150024
0.07704918032786885,2537.8162264823914
0.0771516393442623,2514.569199085235
0.07725409836065573,2467.812752723694
0.07735655737704918,2398.2919692993164
0.07745901639344262,2307.138633728027
0.07756147540983606,2195.57147026062
0.07766393442622951,2065.6180143356323
0.07776639344262296,1919.6814894676208
0.0778688524590164,1760.5620503425596
0.07797131147540984,1590.584635734558
0.07807377049180328,1412.893223762512
0.07817622950819672,1230.3064584732056
0.07827868852459016,1046.4411735534666
0.0783811475409836,864.1254544258117
0.07848360655737704,686.6838455200195
0.07858606557377049,517.3669338226317
0.07868852459016393,358.85331630706787
0.07879098360655738,214.01120424270627
0.07889344262295082,87.24067211151122
0.07899590163934427,12.226974964141844
0.0790983606557377,1.100313663482666
0.07920081967213115,0.7722258567810059
0.07930327868852459,0.5098342895507812
0.07940573770491803,0.32612085342407227
0.07950819672131147,0.34972429275512695
0.07961065573770491,0.5806446075439453
0.07971311475409835,0.8351683616638184
0.07981557377049181,1.1884331703186035
0.07991803278688525,22.03420400619507
0.08002049180327869,118.72215270996094
0.08012295081967213,252.4210810661316
0.08022540983606558,401.3556361198425
0.08032786885245902,563.0069375038147
0.08043032786885246,734.8336815834044
0.0805327868852459,913.9727711677551
0.08063524590163934,1097.0890402793884
0.08073770491803278,1280.9350490570068
0.08084016393442622,1462.3794078826904
0.08094262295081968,1638.1121277809143
0.08104508196721312,1805.3649187088013
0.08114754098360656,1961.0508441925047
0.08125,2102.7788758277893
0.08135245901639344,2227.712666988373
0.08145491803278689,2333.8349103927612
0.08155737704918033,2419.2313671112056
0.08165983606557377,2482.6502680778503
0.08176229508196721,2522.8839039802547
0.08186475409836065,2539.6816849708553
0.08196721311475409,2531.954312324524
0.08206967213114755,2500.145530700683
0.08217213114754099,2444.945347309112
0.08227459016393443,2367.3545479774475
0.08237704918032787,2268.519079685211
0.08247950819672131,2150.247359275818
0.08258196721311475,2014.210510253906
0.0826844262295082,1863.2558941841123
0.08278688524590164,1699.7835874557495
0.08288934426229508,1526.6618013381956
0.08299180327868852,1346.853947639465
0.08309426229508196,1163.4387016296387
0.08319672131147542,979.7480821609497
0.08329918032786886,798.7899541854858
0.0834016393442623,623.9549517631531
0.08350409836065574,458.3272576332092
0.08360655737704918,304.49734926223755
0.08370901639344262,165.239417552948
0.08381147540983606,50.86069107055663
0.0839139344262295,4.0633320808410645
0.08401639344262295,0.9701013565063475
0.08411885245901639,0.6833195686340331
0.08422131147540983,0.41463375091552734
0.08432377049180328,0.28874874114990234
0.08442622950819673,0.4012584686279297
0.08452868852459017,0.6258845329284667
0.08463114754098361,0.896143913269043
0.08473360655737705,3.0058979988098145
0.08483606557377049,48.67619276046753
0.08493852459016393,165.5261993408203
0.08504098360655737,304.9033284187317
0.08514344262295082,458.7218284606933
0.08524590163934426,624.423086643219
0.0853483606557377,799.2974281311035
0.08545081967213115,980.2858471870421
0.0855532786885246,1163.9941692352293
0.08565573770491804,1347.35906124115
0.08575819672131148,1527.0898103713987
0.08586065573770492,1700.2167105674744
0.08596311475409836,1863.613486289978
0.0860655737704918,2014.4551992416382
0.08616803278688524,2150.47709941864
0.08627049180327868,2268.8231706619263
0.08637295081967213,2367.604351043701
0.08647540983606557,2445.211672782898
0.08657786885245902,2500.3367185592647
0.08668032786885246,2532.1919202804565
0.0867827868852459,2539.9240136146545
0.08688524590163935,2523.296964168548
0.08698770491803279,2483.0625414848323
0.08709016393442623,2419.6184635162354
0.08719262295081967,2334.2113852500916
0.08729508196721311,2228.1001567840576
0.08739754098360655,2103.0239582061763
0.0875,1961.2050533294675
0.08760245901639344,1805.4361224174497
0.08770491803278689,1638.131010532379
0.08780737704918033,1462.301516532898
0.08790983606557377,1280.7265520095825
0.08801229508196722,1096.8596935272217
0.08811475409836066,913.8055801391602
0.0882172131147541,734.710156917572
0.08831967213114754,562.8263711929321
0.08842213114754098,401.05390548706055
0.08852459016393442,252.14256048202515
0.08862704918032786,119.31931972503662
0.0887295081967213,24.632549285888672
0.08883196721311476,1.5326499938964844
0.0889344262295082,0.8666396141052246
0.08903688524590164,0.5731701850891112
0.08913934426229508,0.34618377685546875
0.08924180327868853,0.3115653991699219
0.08934426229508197,0.49291849136352534
0.08944672131147541,0.7372140884399414
0.08954918032786885,0.9897708892822265
0.08965163934426229,10.118401050567625
0.08975409836065573,86.07544898986816
0.08985655737704919,214.41206932067868
0.08995901639344263,359.34112071990967
0.09006147540983607,517.8783416748046
0.09016393442622951,687.2050881385803
0.09026639344262295,864.666759967804
0.0903688524590164,1046.9993948936462
0.09047131147540984,1230.8446168899536
0.09057377049180328,1413.384962081909
0.09067622950819672,1591.0075306892395
0.09077868852459016,1760.907447338104
0.0908811475409836,1920.0485229492185
0.09098360655737706,2065.854442119598
0.0910860655737705,2195.8157658576965
0.09118852459016394,2307.299530506134
0.09129098360655738,2398.452472686767
0.09139344262295082,2467.8513050079346
0.09149590163934426,2514.564085006714
0.0915983606557377,2537.752890586853
0.09170081967213115,2536.7827892303467
0.09180327868852459,2511.4382028579707
0.09190573770491803,2462.6030802726746
0.09200819672131147,2391.054368019104
0.09211065573770492,2298.028886318207
0.09221311475409837,2184.7725033760066
0.09231557377049181,2053.26908826828
0.09241803278688525,1906.1150193214417
0.09252049180327869,1745.929491519928
0.09262295081967213,1575.0917315483093
0.09272540983606557,1396.841311454773
0.09282786885245901,1213.989007472992
0.09293032786885246,1030.1717162132263
0.0930327868852459,848.1014728546143
0.09313524590163934,671.1999893188477
0.0932377049180328,502.73122787475586
0.09334016393442623,345.33523321151733
0.09344262295081968,201.85936689376828
0.09354508196721312,77.61400938034058
0.09364754098360656,9.460258483886719
0.09375,1.0645151138305664
0.09385245901639344,0.7501959800720214
0.09395491803278688,0.4815101623535156
0.09405737704918032,0.3166794776916504
0.09415983606557377,0.3654599189758301
0.0942622950819672,0.5782842636108398
0.09436475409836066,0.8249402046203612
0.0944672131147541,1.370573043823242
0.09456967213114754,27.470862865447998
0.09467213114754099,130.06596565246582
0.09477459016393443,265.31091928482056
0.09487704918032787,415.3524756431579
0.09497950819672131,578.1280875205993
0.09508196721311475,750.6877183914185
0.09518442622950819,930.2925825119019
0.09528688524590163,1113.559913635254
0.09538934426229508,1297.2989201545715
0.09549180327868853,1478.4600377082825
0.09559426229508197,1653.6266684532163
0.09569672131147541,1820.0069189071655
0.09579918032786885,1974.5897769927979
0.0959016393442623,2114.977526664734
0.09600409836065574,2238.357424736023
0.09610655737704918,2342.557168006897
0.09620901639344262,2426.1385202407837
0.09631147540983606,2487.531065940857
0.0964139344262295,2525.7776856422424
0.09651639344262294,2540.1144146919246
0.0966188524590164,2530.320167541504
0.09672131147540984,2496.313512325287
0.09682377049180328,2439.100742340088
0.09692622950819672,2359.696412086487
0.09702868852459016,2259.113895893097
0.0971311475409836,2139.022743701935
0.09723360655737705,2001.435935497284
0.09733606557377049,1849.3078351020813
0.09743852459016393,1684.9090933799741
0.09754098360655737,1511.0103607177734
0.09764344262295081,1330.6324839591978
0.09774590163934427,1147.0547676086424
0.09784836065573771,963.5195374488829
0.09795081967213115,782.9461455345154
0.09805327868852459,608.7854146957397
0.09815573770491803,444.0479636192322
0.09825819672131147,291.35574102401733
0.09836065573770492,153.4479260444641
0.09846311475409836,43.17659139633179
0.0985655737704918,3.0621528625488277
0.09866803278688524,0.9295821189880371
0.09877049180327868,0.6565690040588379
0.09887295081967214,0.3882765769958496
0.09897540983606558,0.27222633361816406
0.09907786885245902,0.4169940948486328
0.09918032786885246,0.6742715835571289
0.0992827868852459,0.9158134460449219
0.09938524590163934,4.064118862152099
0.09948770491803278,56.90553188323974
0.09959016393442623,177.16505527496338
0.09969262295081967,317.98553466796875
0.09979508196721311,473.0683922767639
0.09989754098360656,639.7224426269531
0.1,815.2675151824951
0.10010245901639345,996.673321723938
0.10020491803278689,1180.4024934768674
0.10030737704918033,1363.6005878448484
0.10040983606557377,1542.853760719299
0.10051229508196721,1715.1352643966673
0.10061475409836065,1877.5076508522034
0.1007172131147541,2027.2006630897522
0.10081967213114754,2161.7910146713257
0.10092213114754098,2278.550148010254
0.10102459016393443,2375.384831428528
0.10112704918032787,2450.862729549408
0.10122950819672132,2503.8697600364685
0.10133196721311476,2533.60812664032
0.1014344262295082,2539.2229914665218
0.10153688524590164,2520.476746559143
0.10163934426229508,2478.0397295951843
0.10174180327868852,2412.472128868103
0.10184426229508196,2325.150418281555
0.1019467213114754,2217.360198497772
0.10204918032786885,2090.7493829727173
0.1021516393442623,1947.6350426673887
0.10225409836065574,1790.7421946525571
0.10235655737704918,1622.5212693214414
